﻿pos_x,pos_y,rotation,side,designator,mpn,pack,footprint,value,mount_type
120.207157,-69.89,90.0,top,J1,,None,HRS_U.FL-R-SMT-1_10_,U.FL-R-SMT-1_10_,smt
120.207157,-64.87,90.0,top,J2,,None,HRS_U.FL-R-SMT-1_10_,U.FL-R-SMT-1_10_,smt
120.197157,-80.12,90.0,top,J3,,None,HRS_U.FL-R-SMT-1_10_,U.FL-R-SMT-1_10_,smt
120.207157,-74.99,90.0,top,J4,,None,HRS_U.FL-R-SMT-1_10_,U.FL-R-SMT-1_10_,smt
120.197157,-85.26,90.0,top,J5,,None,HRS_U.FL-R-SMT-1_10_,U.FL-R-SMT-1_10_,smt
120.197157,-90.43,90.0,top,J6,,None,HRS_U.FL-R-SMT-1_10_,U.FL-R-SMT-1_10_,smt
134.592157,-85.255,-90.0,top,J7,,None,HRS_U.FL-R-SMT-1_10_,U.FL-R-SMT-1_10_,smt
134.587157,-90.45,-90.0,top,J8,,None,HRS_U.FL-R-SMT-1_10_,U.FL-R-SMT-1_10_,smt
166.677157,-83.515,0.0,top,VUV4,,,VUV4-50q,~,tht
